Trent Mick (http://trentm.com)
Mark Cavage (https://github.com/mcavage)
Dave Pacheco (https://github.com/davepacheco)
Michael Hart (https://github.com/mhart)
Isaac Schlueter (https://github.com/isaacs)
Rob Gulewich (https://github.com/rgulewich)
Bryan Cantrill (https://github.com/bcantrill)
Michael Hart (https://github.com/mhart)
Simon Wade (https://github.com/aexmachina)
https://github.com/glenn-murray-bse
Chakrit Wichian (https://github.com/chakrit)
Patrick Mooney (https://github.com/pfmooney)
Johan Nordberg (https://github.com/jnordberg)
https://github.com/timborodin
Ryan Graham (https://github.com/rmg)
Alex Kocharin (https://github.com/rlidwka)
Andrei Neculau (https://github.com/andreineculau)
Mihai Tomescu (https://github.com/matomesc)
Daniel Juhl (https://github.com/danieljuhl)
Chris Barber (https://github.com/cb1kenobi)
Manuel Schneider (https://github.com/manuelschneider)
Martin Gausby (https://github.com/gausby)
Stéphan Kochen (https://github.com/stephank)
Shakeel Mohamed (https://github.com/shakeelmohamed)
Denis Izmaylov (https://github.com/DenisIzmaylov)
Guillermo Grau Panea (https://github.com/guigrpa)
Mark LeMerise (https://github.com/MarkLeMerise)
https://github.com/sometimesalready
Charly Koza (https://github.com/Cactusbone)
Thomas Heymann (https://github.com/cyberthom)
David M. Lee (https://github.com/leedm777)
Marc Udoff (https://github.com/mlucool)
Mark Stosberg (https://github.com/markstos)
Alexander Ray (https://github.com/aray12)
Adam Lynch (https://github.com/adam-lynch)
Michael Nisi (https://github.com/michaelnisi)
Martijn Schrage (https://github.com/Oblosys)
Paul Milham (https://github.com/domrein)
Frankie O'Rourke (https://github.com/psfrankie)
Cody Mello (https://github.com/melloc)
Todd Whiteman (https://github.com/twhiteman)
Zach Bjornson (https://github.com/zbjornson)
